id,nombre,rut,edad,sexo,id_instalacion
1,Catalina Luna,46251263-5,90,mujer,14
2,Sergio Galaz,92310665-0,47,hombre,29
3,Catalina Patiño,77837095-6,55,mujer,130
4,Nicolas Henriquez,66922079-0,70,mujer,63
5,Magdalena Santibañez,79464991-k,74,hombre,194
6,Lisandro Pinto,22997103-4,42,mujer,32
7,Leonardo Bucarei,61890115-7,42,hombre,127
8,Sofia Peña,45347413-5,29,hombre,189
9,Valentina Gutierrez,54864080-6,75,hombre,189
10,Simoney Mora,86447590-6,26,hombre,198
11,Martin Bustos,45355149-0,54,hombre,196
12,Diego Caniullan,19942007-0,89,hombre,192
13,Yanara Carrasco,79263691-8,39,mujer,52
14,Karla Castillo,32165632-3,38,mujer,170
15,Yaimara Cisternas,66760004-9,83,hombre,73
16,Pamela Figueroa,49326776-0,91,mujer,10
17,Aritza Flores,97804380-1,67,mujer,171
18,Giordano Flores,83399209-0,20,hombre,143
19,Danae Gamboa,86260284-6,95,mujer,169
20,Diego Guajardo,19209075-k,74,mujer,155
21,Bayron Guzman,31653150-4,84,mujer,27
22,Gabriela Jimenez,64100872-9,26,hombre,55
23,Orlando Moraga,72629258-2,56,hombre,57
24,Matias Moreno,17263415-k,13,mujer,95
25,Matias Painequeo,18208603-7,85,mujer,191
26,Sayenn Pavez,90414316-2,26,mujer,146
27,Gonzalo Pino,16045471-7,88,mujer,12
28,Benjamin Quilacon,28792266-3,37,hombre,137
29,Millaray Ramos,68353685-7,56,hombre,212
30,Aaron Roa,99428020-1,83,mujer,187
31,Martin Rojas,24840265-2,66,hombre,180
32,Yael Salcedo,79850677-3,81,hombre,75
33,Caceres San,95741388-9,57,mujer,26
34,Lucas Santibañez,77210598-3,63,hombre,40
35,Luis Torres,96187015-1,57,mujer,155
36,Zithlali Ulloa,68120110-6,28,hombre,5
37,Javiera Vasquez,56619171-7,66,hombre,129
38,Jorge Zumelzu,51616764-5,15,mujer,194
39,Alan Aceiton,60916764-5,97,hombre,102
40,Paz Aguayo,81252987-0,41,mujer,76
41,Flores Al,59192155-k,67,hombre,125
42,Lucas Araya,41391265-2,81,hombre,57
43,Daniela Arriagada,76041278-3,75,mujer,182
44,Benjamin Barria,78158392-8,43,mujer,49
45,Franco Benavides,49995619-3,97,mujer,83
46,Genesis Cardenas,37156185-4,59,mujer,205
47,Sergio Cardenas,85410626-0,24,hombre,53
48,Antonio Carrasco,10116173-0,72,hombre,123
49,Ian Carrera,88757035-3,30,mujer,182
50,Barbara Carvajal,68583239-9,42,hombre,137
51,Ignacio Castillo,35492826-4,59,hombre,126
52,Alondra Chamorro,86683089-4,91,mujer,201
53,Francisca Colima,28320055-8,67,hombre,128
54,Constanza Conejeros,86043030-4,87,mujer,82
55,Ivanna Contreras,27604578-4,44,mujer,121
56,Martin Flores,35412165-4,78,mujer,97
57,Constanza Gomez,80869010-1,40,hombre,94
58,Franco Gomez,86555166-5,34,mujer,185
59,Javiera Grandon,61036645-7,10,hombre,147
60,Javier Hurtado,40373818-2,84,mujer,37
61,Lucas Jara,24149278-8,84,mujer,178
62,Benjamin Jeria,43161018-3,95,mujer,155
63,Felipe Jilberto,67938721-9,16,hombre,118
64,Constanza Jorquera,18768050-6,32,hombre,6
65,Javiera Lizama,49881324-0,54,hombre,149
66,Catalina Lopez,36578275-k,28,mujer,59
67,Isidora Loyola,92505908-0,83,hombre,186
68,Bruno Mardones,16483997-4,36,hombre,178
69,Antonella Molina,91957885-8,53,mujer,55
70,Escarlet Morales,85930746-9,31,hombre,126
71,Javier Moya,43630977-5,30,mujer,88
72,Xavier Oyarzun,70876733-6,62,hombre,36
73,Silvio Peralta,36731956-9,81,mujer,82
74,Yohao Portales,42127645-5,70,hombre,63
75,Cesia Ramos,38158176-4,85,mujer,125
76,Francisca Reyes,48292072-1,33,mujer,67
77,Benjamin Rodriguez,86434438-0,30,mujer,208
78,Juan Sanchez,62974576-9,86,mujer,208
79,Constanza Sepulveda,71881591-6,53,hombre,52
80,Lucas Vasquez,16670974-1,74,hombre,98
81,Matias Vega,19027799-2,52,hombre,143
82,Isidora Villarroel,36669949-k,98,mujer,189
83,Victoria Adasme,58179139-9,75,hombre,70
84,Alonso Agurto,80146994-9,41,mujer,182
85,Carlos Antifil,34902561-2,99,hombre,195
86,Maria Aranda,27811535-6,34,mujer,106
87,Ignacio Arias,37653211-9,17,hombre,74
88,Rocio Bernales,78734770-3,95,hombre,77
89,Amaro Bravo,82260254-1,70,mujer,38
90,Sebastian Bustos,92253121-8,34,hombre,191
91,Jacob Cartes,53325503-5,98,hombre,202
92,Martin Celis,27423756-2,84,hombre,120
93,Noelia Cid,56840142-5,21,hombre,121
94,Hugo Cordova,99233768-0,37,hombre,32
95,Rocio Cuello,95541819-0,30,hombre,6
96,Monserrat Echeverria,61773216-5,28,hombre,151
97,Fernando Escobar,13635178-8,14,hombre,75
98,Emily Farias,93310611-k,40,hombre,195
99,Isidora Fernandez,85073231-0,89,hombre,194
100,Antonella Garrido,41601315-2,49,mujer,123
101,Conzuelo Gonzales,98121429-3,82,hombre,142
102,Josefa Huaiquil,80511365-0,53,mujer,165
103,Millaray Jimenez,62815723-5,88,hombre,212
104,Alondra Llanquiman,33734821-1,30,hombre,192
105,Fernando Lopez,25806104-7,76,hombre,213
106,Valeria Martinez,23514054-3,74,mujer,115
107,Alexia Matus,72309503-4,18,mujer,74
108,Martin Neculman,48908396-5,51,mujer,157
109,Isidora Orellana,71198104-7,90,hombre,129
110,Luis Pacheco,76534733-5,37,hombre,158
111,Carlos Pinto,73222374-6,31,mujer,38
112,Diego Plaza,28597225-6,25,mujer,161
113,Francisca Roblero,32700742-4,97,mujer,76
114,Padme Rodriguez,28118803-8,47,hombre,131
115,Benjamin Saavedra,34572846-5,34,mujer,12
116,Millaray Salazar,42723522-k,65,mujer,11
117,Deyanira Santander,15591154-9,73,mujer,142
118,Yasmin Suarez,16636734-4,73,mujer,130
119,Paloma Sucarrat,63795324-9,87,hombre,86
120,Kitzy Vega,65538426-k,53,mujer,198
121,Enygger Videla,62942419-9,45,hombre,151
122,Simona Vilches,33236616-5,98,mujer,182
123,Cristobal Yanka,31679088-7,44,hombre,186
124,Abigail Alarcon,82581279-2,48,mujer,99
125,Pablo Salazar,35069575-3,52,hombre,211
126,Antonio Salinas,99927220-7,83,hombre,63
127,Leandro Aravena,70106627-8,34,hombre,9
128,Anais Oyarzon,43953571-7,77,mujer,66
129,Victoria Toloza,51194123-7,73,mujer,139
130,Dominique Contreras,75490842-4,71,hombre,55
131,Alessandro Pizarro,64336012-8,25,hombre,209
132,Andrea Aguilar,54023774-3,11,mujer,101
133,Yadhira Cifuentes,45008209-0,97,mujer,180
134,Millaray Meza,40538537-6,89,mujer,11
135,Kiara Moya,12187269-2,46,mujer,145
136,Celine Yañez,27952560-4,74,hombre,115
137,Andrea Sanhueza,55823148-3,67,mujer,35
138,Danitza Castro,67978268-1,77,mujer,136
139,Shantal Muñoz,99070181-4,75,mujer,190
140,Isidora Bravo,50042631-4,16,mujer,112
141,Matias Pichulpil,99466469-7,23,hombre,82
142,Kris Peña,36664523-3,12,mujer,99
143,Rayan Contreras,44812887-3,70,mujer,126
144,Yaritza Garcia,34643031-1,23,hombre,102
145,Ivan Sarmiento,21759577-0,47,hombre,19
146,Alexandra Carmona,32992512-9,86,mujer,24
147,Mairin Romero,85553386-3,26,hombre,85
148,Salome Orellana,45510769-5,83,hombre,14
149,Constanza Loyola,45740927-3,19,mujer,99
150,Alejandra Olguin,98849412-7,42,hombre,197
151,Alonso Carrasco,42300579-3,84,hombre,74
152,Cristobal Vallejos,84921010-6,90,mujer,86
153,Macarena Muñoz,51248373-9,54,hombre,149
154,Andres Diaz,38628283-8,49,mujer,202
155,Esteban Guzman,78662700-1,95,mujer,86
156,Andrea Alburquenque,80703512-6,24,hombre,178
157,Sofia Flores,37142311-7,83,hombre,168
158,Katalina Gonzales,97036167-7,17,mujer,1
159,Jesus Gonzales,53967694-6,72,hombre,130
160,Antonia Olivares,23407008-8,51,hombre,1
161,Isidora Pacheco,76494450-k,15,hombre,127
162,Francisca Cayupan,56229978-5,43,hombre,123
163,Emiliano Figueroa,40269415-7,57,mujer,118
164,Alonso Dumont,80592689-9,18,hombre,36
165,Amaro Mondaca,52576933-k,87,mujer,109
166,Absalon Figueroa,71612139-9,32,mujer,150
167,Antonia Ortega,23632306-4,94,hombre,42
168,Josefa Alarcon,16413527-6,67,mujer,58
169,Alonso Farias,77489819-0,98,mujer,212
170,Matias Rodriguez,85301240-8,92,mujer,80
171,Alonso Toro,53721649-2,59,mujer,67
172,Andres Vergara,12655924-0,37,hombre,205
173,Noemi Castro,79154026-7,15,hombre,90
174,Adriana Jimenez,24115633-8,72,mujer,153
175,Miguel Martinez,34917249-6,47,hombre,156
176,Benjamin Cayul,85034590-2,94,hombre,126
177,Ignacio Mardones,19680912-0,69,hombre,151
178,Marcela Vargas,40455577-4,27,mujer,102
179,Andres Painenao,81401624-2,64,mujer,113
180,Gustavo Mena,40978316-3,95,mujer,203
181,Anibal Contreras,77189827-0,19,hombre,146
182,Javiera Vigouroux,13093741-1,38,hombre,14
183,Arturo Calabrano,26123513-7,82,hombre,124
184,Ignacio Huenuanca,12874915-2,28,hombre,215
185,Josue Donoso,15623590-3,32,mujer,84
186,Jesus Navarrete,45981588-0,44,hombre,18
187,Aaron Cares,82003178-4,86,mujer,51
188,Paz Muñoz,29415476-0,75,hombre,191
189,Antonia Elguezabal,38631846-8,88,mujer,153
190,Kathalina San,61242043-2,45,mujer,76
191,Ignacio Delgado,28954972-2,80,hombre,129
192,Andres Abarca,88094734-6,14,hombre,5
193,Alejandro Sarmiento,69163174-5,55,mujer,59
194,Alexander Peña,53042462-6,64,mujer,25
195,Samanta Marinao,81330568-2,60,hombre,125
196,Paola Quezada,86679007-8,19,hombre,115
197,Ignacio Barra,83896534-2,98,hombre,77
198,Ariel Iturra,91210142-8,44,mujer,128
199,Daniel Zuñiga,72570829-7,62,hombre,193
200,Catalina Jara,58044372-9,88,mujer,49
201,Venecia Campos,40640800-0,71,hombre,27
202,Fernanda Repol,73324033-4,84,mujer,88
203,Ignacia Galvez,80549244-9,89,mujer,175
204,Scarlett Pezoa,40070443-0,13,mujer,120
205,Jessica Reyes,68377701-3,59,hombre,140
206,De Rave,20228556-2,15,hombre,168
207,Daniel Blanco,16264932-9,36,mujer,3
208,Valentina Cancino,80580088-7,76,hombre,125
209,Claudio Carreño,84167281-k,39,mujer,206
210,Valentina Castillo,93044599-1,16,mujer,93
211,Gustavo Castro,47922722-5,22,mujer,83
212,Tamara Dealecio,41183684-3,50,mujer,144
213,Carla Farias,94947578-6,57,hombre,115
214,Fernanda Gajardo,33890329-4,59,mujer,175
215,Paula Gajardo,91085975-7,17,hombre,192
216,Isidora Garabito,96562711-1,95,mujer,120
217,Ignacia Gomez,52392092-8,79,mujer,189
218,Catalina Gonzalez,91938760-2,94,hombre,182
219,Daniela Gutierrez,98518861-0,90,hombre,4
220,Catalina Huentelaf,72275204-k,19,mujer,187
221,Bryan Jorquera,70388205-6,79,hombre,144
222,Diego Lopez,80924311-7,67,mujer,135
223,Matias Maldonado,73031326-8,79,hombre,63
224,Catalina Miranda,66970190-k,36,hombre,51
225,Catari Monsalves,81641085-1,30,mujer,129
226,Catalina Montero,17371278-2,92,mujer,82
227,Fernanda Montero,72447098-k,35,mujer,206
228,Matias Muñoz,59161375-8,24,hombre,51
229,Javiera Peralta,14106853-9,30,mujer,73
230,Ariana Perez,94506083-2,57,hombre,195
231,Joaquin Pinto,24878659-0,45,hombre,90
232,Nelson Quezada,23937155-8,69,mujer,122
233,Ignacio Quiroz,79407634-0,68,hombre,123
234,Giancarlo Roblero,27083103-6,94,hombre,142
235,Barbara Sanchez,77757931-2,35,hombre,202
236,Paolo Silva,21290952-1,24,hombre,35
237,Emilio Soto,79695896-0,89,hombre,149
238,Yacyara Soza,89512502-4,22,hombre,138
239,Jacob Torres,31256887-k,36,mujer,210
240,Catalina Urquiza,46067685-1,83,mujer,115
241,Alejandra Valdes,58143457-k,85,mujer,168
242,Catalina Valencia,69719019-8,57,mujer,174
243,Catalina Vasquez,81207716-3,49,hombre,155
244,Juan Veas,92394961-5,22,hombre,100
245,Yael Vera,99149710-2,91,hombre,123
246,Karla Villablanca,92851961-9,63,hombre,195
247,Diego Villegas,22637365-9,64,hombre,72
248,Javiera Alarcon,41694611-6,68,mujer,37
249,Vicente Alarcon,28231652-8,19,hombre,29
250,Benjamin Ancacura,97321798-4,86,mujer,26
251,Alan Armijo,35773530-0,47,mujer,131
252,Daniela Arraño,73745994-2,50,hombre,55
253,Kharla Astudillo,32644502-9,99,mujer,183
254,Sayuri Bahamondes,62220169-0,85,hombre,39
255,Dylan Campos,69020528-9,87,mujer,42
256,Angelo Caniuñir,62887150-7,12,mujer,101
257,Nazaret Carreño,16687104-2,91,mujer,115
258,Fabiano Carte,51630030-2,52,hombre,48
259,Mateo Contreras,47249752-9,50,mujer,88
260,Martina Cuevas,55868629-4,70,mujer,130
261,Agustin Farias,75766984-6,36,mujer,109
262,Isidora Galvez,32817993-8,30,hombre,15
263,Gabriela Garay,83538271-0,22,hombre,7
264,Valentina Gomez,80628376-2,48,hombre,126
265,Bastian Lagos,44422964-0,35,hombre,20
266,Esteban Leiva,31691559-0,72,mujer,65
267,Barbara Lincopan,31457093-6,74,hombre,62
268,Loreto Luna,61863167-2,48,mujer,143
269,Matias Marillan,91051274-9,32,hombre,5
270,Matias Momberg,81019249-6,96,mujer,171
271,Benjamin Mondaca,75106425-k,85,hombre,56
272,Andres Mora,52581344-4,34,mujer,24
273,Josue Moreno,13700503-4,28,mujer,86
274,Krishna Ordoñez,45677093-2,31,hombre,172
275,Iahn Oyarce,18912034-6,42,hombre,3
276,Trinidad Peralta,22876040-4,16,mujer,176
277,Constanza Quezada,29742884-5,51,hombre,36
278,Genesis Ramirez,13295853-k,15,hombre,58
279,Katherine Retamal,22252251-k,94,hombre,64
280,Yamna Reyes,53642790-2,48,mujer,121
281,Fernanda Salinas,83481742-k,85,hombre,175
282,Benjamin Sanchez,84095044-1,78,hombre,197
283,Francisca Sanchez,98544321-1,55,mujer,12
284,Yaen Sanhueza,96404014-1,36,mujer,147
285,Benjamin Soto,37731534-0,28,mujer,117
286,Kathya Spedaletti,55676647-9,97,hombre,0
287,Bastian Tapia,48766480-4,69,hombre,114
288,Fernanda Vargas,15119459-1,16,hombre,71
289,Camilo Zambrano,76849115-1,13,mujer,62
290,Barbara Zuñiga,15765031-9,10,hombre,183
291,Camila Aburto,32726853-8,26,hombre,163
292,Valentina Aliaga,59260036-6,96,hombre,11
293,Camila Arancibia,19130484-5,36,hombre,43
294,Javier Aravena,57325256-k,45,hombre,134
295,Diego Arce,80356838-3,93,mujer,27
296,Javiera Barrera,10119008-0,95,hombre,69
297,Nayelit Brantes,57437538-k,41,hombre,103
298,Tamara Candia,80092681-5,24,hombre,117
299,Dania Carreño,40503382-8,29,mujer,109
300,Constanza Castillo,14292252-5,55,hombre,174
301,Constanza Diaz,24215497-5,72,hombre,39
302,Jose Espina,60987705-7,19,mujer,170
303,Rodrigo Figueroa,59959821-9,10,hombre,172
304,Fernanda Gonzales,97418193-2,77,hombre,166
305,Daniela Habibe,88034198-7,36,hombre,162
306,Gloria Herrera,56725663-4,66,hombre,78
307,Thaira Hormazabal,54157127-2,74,mujer,152
308,Kiomara Huinca,48979148-k,13,mujer,36
309,Barbara Jara,30492842-5,21,mujer,213
310,Javiera Jaramillo,84671162-7,48,mujer,184
311,Maria Martinez,57342278-3,84,mujer,110
312,Tiare Miranda,73540572-1,55,hombre,100
313,Constanza Morales,48762156-0,80,hombre,193
314,Sebastian Moya,58509457-9,89,mujer,17
315,Fabian Muñoz,58188294-7,12,mujer,99
316,Valentina Muñoz,25844754-9,58,hombre,122
317,Lucas Nuñez,29903675-8,95,hombre,73
318,Vania Peña,66844166-1,45,hombre,188
319,Dylan Perez,32273643-6,77,hombre,154
320,Damary Pichulman,80353279-6,68,hombre,162
321,Francisca Pinto,29622397-2,26,hombre,133
322,Danae Poblete,78897889-8,94,mujer,37
323,Paula Quintrel,58846331-1,60,mujer,117
324,Camilo Roblero,71652443-4,78,mujer,195
325,Vicente Saez,90243628-6,36,mujer,108
326,Crichna Salazar,84081575-7,19,mujer,159
327,Elias Sanzana,14114400-6,87,mujer,28
328,Esteban Schroder,83905334-7,30,hombre,34
329,Nicolas Soto,89146700-1,46,hombre,101
330,Nicolas Urriola,29622980-6,20,mujer,165
331,Aylin Valdes,20168747-0,69,mujer,146
332,Damaris Venegas,38725184-7,30,hombre,121
333,Benjamin Vera,28450511-5,96,mujer,180
334,Monserrat Vidal,81018273-3,72,hombre,163
335,Anais Aguirre,10742402-4,54,hombre,32
336,Isaac Andrades,85384785-2,65,hombre,155
337,Karina Araos,30001031-8,29,mujer,118
338,Daniela Beroiza,48246125-5,67,mujer,81
339,Carolina Brevis,48986292-1,41,mujer,85
340,Camila Cabrera,93892863-0,55,hombre,128
341,Valentina Campos,52179815-7,22,hombre,195
342,Annais Caro,19706256-8,55,hombre,214
343,Abraham Carreño,26196183-0,27,mujer,203
344,Jael Cornejo,11271286-0,56,mujer,130
345,Aaron Cornejo,48998776-7,78,mujer,162
346,Matias Ferreira,95521769-1,47,hombre,6
347,Matias Fuentes,55972471-8,32,hombre,195
348,Alexandra Garay,95487734-5,58,hombre,168
349,Yahir Garrido,63814706-8,43,hombre,67
350,Justin Godoy,43597800-2,79,mujer,96
351,Camila Gonzalez,95403427-5,10,mujer,114
352,Natalia Henriquez,56914123-0,76,mujer,25
353,Jorge Hidalgo,95623149-3,87,mujer,96
354,Francisca Huenufil,37126798-0,47,mujer,194
355,Maria Jilberto,92270331-0,17,mujer,209
356,Cristhian Jimenez,46288331-5,94,mujer,17
357,Isidora Jimenez,90505307-8,13,mujer,148
358,Martin Leiva,95810168-6,73,hombre,122
359,Martina Leiva,94006732-4,62,hombre,78
360,Andres Lucero,61336127-8,81,hombre,41
361,Gamadiel Marin,32142510-0,73,hombre,20
362,Saad Sierra,21188032-5,18,mujer,2
363,Teigan Phelps,64660903-8,29,mujer,200
364,Chiara Howell,17677635-8,35,mujer,77
365,Nishat Greig,21332506-k,42,mujer,159
366,Niam Snider,36615636-4,50,hombre,101
367,Tasnim Rutledge,30741496-1,57,hombre,14
368,Henna Cantu,18970874-2,24,mujer,85
369,Amira Wong,33491402-k,28,mujer,82
370,Annaliese Ford,47342099-6,37,hombre,27
371,Marco Waters,73815426-6,21,hombre,214
372,Marian Spence,19528671-k,57,hombre,174
373,Amy Sharples,51844875-7,38,hombre,165
374,Eamonn Redfern,17327495-5,48,hombre,178
375,Katarina Chang,82719046-2,54,hombre,135
376,Annabelle Poole,79873843-7,40,hombre,159
377,Donte Salgado,66227912-9,40,mujer,184
378,Sufyan Rollins,44715611-3,44,hombre,103
379,Gracey Day,71134226-5,18,mujer,65
380,Otto Lindsay,89260929-2,25,hombre,49
381,Murphy Melendez,72620651-1,26,hombre,14
382,Marcel Mccarty,33908685-0,23,hombre,69
383,Lowri Henry,94221380-8,35,mujer,82
384,Juliet Goodman,15823641-9,43,mujer,186
385,Winnie Bloom,39790970-0,38,hombre,213
386,Baxter Bateman,14736236-6,46,mujer,42
387,Huda Sullivan,17195049-k,20,mujer,99
388,Ravi Avila,67710168-7,58,hombre,15
389,Hamza Carson,21201270-k,22,hombre,138
390,Faizaan Gilmour,16833235-1,44,mujer,17
391,Saoirse Tang,32273167-1,54,hombre,86
392,Harvey Marsden,90922919-7,35,mujer,50
393,Ehsan Liu,60028335-9,19,mujer,165
394,Orlaith Collier,52968708-7,60,mujer,116
395,Marcia Berg,57689116-4,27,mujer,23
396,Kamron Moran,10094201-1,39,mujer,117
397,Colin Rosario,85779616-0,24,mujer,36
398,Darrell Barnes,15683276-6,20,hombre,92
399,Akbar Healy,14825989-5,50,hombre,83
400,Valentino Gilliam,65207641-6,26,hombre,210
401,Damien Barnard,34761062-3,40,mujer,181
402,Jenna Wyatt,93600353-2,52,hombre,178
403,Chenai Lynch,61627352-3,33,mujer,167
404,Cleo Parsons,33917878-k,23,hombre,29
405,Meerab Shields,81311438-0,40,hombre,126
406,Asia Byers,16506263-9,54,mujer,77
407,Teejay Leon,48849361-2,45,hombre,60
408,Kelsie Vickers,23684561-3,29,hombre,150
409,Elisabeth Pickett,12842111-4,36,mujer,0
410,Tehya Curry,46524982-k,48,hombre,169
411,Nabila Silva,54556015-1,40,mujer,129
412,Kaira Frey,22240154-2,52,mujer,141
413,Lila Barron,72478850-5,59,mujer,91
414,Xander Goodwin,25107105-5,22,mujer,115
415,Lexi Cairns,69768825-0,45,hombre,199
416,Keyan Rigby,42644643-k,53,hombre,98
417,Donald Gordon,54004386-8,53,mujer,132
418,Kaylen Yoder,55514185-8,34,hombre,30
419,Rehaan Acosta,34762796-8,40,hombre,182
420,Ahsan Moyer,55422937-9,35,hombre,84
421,Simrah Begum,11636170-1,18,mujer,67
422,Rio Haas,45453849-8,30,hombre,6
423,Dannielle Power,84539370-2,59,hombre,101
424,Adam Delarosa,96900689-8,26,hombre,55
425,Yousif Mccullough,44281327-2,34,hombre,27
426,Zakary Ingram,74580276-1,21,mujer,5
427,Jordana Haley,78160098-9,23,mujer,108
428,Kavan Holder,65346159-3,42,mujer,116
429,Kieren Peck,72800848-2,49,hombre,213
430,Fiona Estrada,79757833-9,41,mujer,169
431,Esme-Rose Sargent,79459402-3,41,mujer,13
432,Kathy Leal,80921370-6,35,mujer,142
433,Hassan Gilmore,90172937-9,23,mujer,148
434,Rose Larsen,47942200-1,52,hombre,169
435,Jorge Tillman,42538060-5,22,hombre,129
436,Devonte Needham,70582800-8,56,mujer,131
437,Fahad Richmond,14982281-k,23,mujer,93
438,Kynan Benson,90155266-5,56,hombre,166
439,Maison Rhodes,96951878-3,23,mujer,25
440,Cai Woodward,72159761-k,32,mujer,27
441,Dania Neal,72430402-8,23,hombre,90
442,Irene Contreras,66045545-0,56,hombre,53
443,Briony Whelan,91231636-k,37,hombre,57
444,Vishal Merrill,86516801-2,49,hombre,98
445,Brad Stewart,64750606-2,42,mujer,3
446,Mina Dougherty,90966759-3,26,mujer,139
447,Phebe Braun,31111145-0,55,hombre,35
448,Murray Britton,16792411-5,56,mujer,59
449,Jaxx Blaese,58765828-3,19,hombre,70
450,Una Glenn,42216276-3,40,hombre,38
451,Luke Hills,91844038-0,48,hombre,4
452,Yasser Wilkins,43926456-k,47,hombre,56
453,Emir Bird,13965853-1,40,hombre,92
454,Reema Page,14343597-0,45,hombre,127
455,Nigel Dickens,41966463-4,36,mujer,83
456,Priyanka Navarro,21219682-7,43,hombre,206
457,Dina Clark,95541523-k,23,hombre,178
458,Ali Childs,68208732-3,56,mujer,208
459,Ava-Rose O'Ryan,43831962-k,60,hombre,115
460,Talitha Mcloughlin,22234852-8,60,hombre,173
461,Lily-Anne Patel,39089742-1,36,mujer,158
462,Keane Morrison,92696219-1,28,mujer,2
463,Mayson Baird,69568679-k,48,hombre,38
464,Rhiann Cote,91935122-5,45,hombre,192
465,Lina Mclaughlin,68133700-8,45,mujer,90
466,Ayush Pace,42938886-4,58,mujer,124
467,Zeeshan Johnston,11439340-1,26,hombre,144
468,Dominykas Lutz,39899583-k,55,mujer,110
469,Rafi Kaiser,39949282-3,37,hombre,134
470,Maaria Major,53644614-1,41,mujer,188
471,Blanka Alford,19552470-k,34,mujer,113
472,Oliver Huff,18167947-6,47,mujer,141
473,Jobe Campos,72810804-5,54,mujer,176
474,Taylan Wilks,44253237-0,23,hombre,184
475,Rhea Gale,45026478-4,55,mujer,52
476,Eshaal Searle,75576764-6,47,mujer,43
477,Nazia Quintero,64879120-8,18,mujer,115
478,Joshua Vo,69373271-9,23,hombre,9
479,Chay Sutherland,10517073-4,22,mujer,140
480,Riaan Mays,98708700-5,48,mujer,56
481,Harvie Forbes,58945079-5,23,hombre,165
482,Safia Potts,75270010-9,22,mujer,215
483,Sidrah Mclellan,98683815-5,23,hombre,1
484,Josh Small,72939187-5,57,mujer,19
485,Nikkita Dodson,20297901-7,33,mujer,14
486,Rikki Hewitt,77209293-8,55,mujer,203
487,Jameson Valdez,18665525-7,23,hombre,15
488,Kornelia Drummond,50062649-6,46,hombre,97
489,Mina Hebert,85973291-7,54,mujer,151
490,Sami Suarez,51153844-0,59,hombre,129
491,Rex Mckenzie,54076655-k,30,hombre,102
492,Asha Mckee,94821886-0,38,mujer,33
493,Fleur Sheppard,36552322-3,50,mujer,186
494,Orla Mcclure,32366948-1,54,mujer,176
495,Lianne Mccoy,77477421-1,21,mujer,79
496,Logan Kramer,13572944-2,58,mujer,120
497,Aamina Bean,79725605-6,60,hombre,162
498,Zaynah Kennedy,66183219-3,29,hombre,204
499,Melvin Perez,40675138-4,34,hombre,146
500,Alan Bonner,23000993-7,37,hombre,173
501,Madihah Haas,88198898-4,41,hombre,147
502,Roman Thomas,66199185-2,25,mujer,108
503,Rivka Finley,16008678-5,60,hombre,89
504,Dina Herman,36625090-5,22,hombre,27
505,Aubree Ridley,87813399-4,58,mujer,142
506,Lilianna Maxwell,93900888-8,50,hombre,61
507,Sayed Edwards,30862862-0,43,hombre,69
508,Patrik Rollins,43922451-7,45,hombre,26
509,Romilly Becker,95520055-1,24,mujer,34
510,Zayne David,75016224-k,18,mujer,100
511,Charlton Bridges,76591179-6,22,hombre,206
512,Ewan Chadwick,87081187-k,40,hombre,162
513,Ewen Little,36081017-8,49,mujer,157
514,Arjan Mcdermott,80291272-2,26,mujer,17
515,Toby Mcarthur,37200573-4,18,hombre,84
516,Mahi Ross,56535213-k,34,mujer,208
517,Benjamin Shaw,77796005-9,34,mujer,186
518,Laylah Grey,40350724-5,46,mujer,148
519,Dottie Chase,56499633-5,37,hombre,211
520,Bevan Pineda,23526948-1,35,hombre,178
521,Abubakar Gentry,86664654-6,41,hombre,177
522,Tehya Galvan,52916249-9,28,hombre,70
523,Darsh Bloom,62785039-5,45,hombre,155
524,Lucille Wilkerson,22145359-k,39,mujer,151
525,Tj Romero,63951440-4,58,mujer,109
526,Lamar Bailey,97004364-0,49,hombre,199
527,Deanna Wilder,47666047-5,29,hombre,92
528,Tasha Nicholson,88730119-0,58,mujer,5
529,Connor Prosser,53211068-8,35,hombre,106
530,Musab Ayala,14046488-0,19,hombre,184
531,Khushi Mayo,31706054-8,40,mujer,101
532,Ruby-Leigh Gallagher,23298212-8,22,mujer,193
533,Malcolm Plant,57836259-2,20,mujer,84
534,Mahir Nunez,97657967-4,46,mujer,163
535,Gerrard Quintana,59814228-9,57,mujer,133
536,Abbas Emerson,89336201-0,34,hombre,109
537,Anjali Rojas,94432090-3,42,mujer,170
538,Dollie Rivers,92170041-5,45,mujer,80
539,Inigo Castro,64272663-3,32,mujer,121
540,Jeremy Dunn,91790173-2,18,mujer,178
541,Kailum Parry,45467235-6,21,hombre,209
542,Aleena Parra,99075946-4,45,hombre,215
543,Lylah Mcguire,96392316-3,57,hombre,17
544,Lester Beard,73342699-3,60,hombre,123
545,Antonina Guzman,47865441-3,57,hombre,119
546,Hunter Solomon,88772168-8,24,hombre,38
547,Jacob Beech,87861767-3,19,mujer,177
548,Jana Sutton,41361801-0,48,mujer,94
549,Aalia Higgs,31092780-5,46,hombre,84
550,Diesel Hunt,11750224-4,33,hombre,146
551,Jena Field,72070561-3,20,mujer,197
552,Khadija Wells,51693674-6,51,mujer,155
553,Haidar Frank,92365268-k,50,mujer,166
554,Ariya Travis,55776079-2,49,hombre,67
555,Aysha Bone,83296811-0,37,mujer,99
556,Poppie Vang,23713134-7,54,hombre,76
557,Brittney Le,70624789-0,42,hombre,135
558,Nusaybah Fitzgerald,79425659-4,44,mujer,146
559,Kaelan Greenwood,66258468-1,55,mujer,35
560,Neve Carter,35662780-6,23,mujer,200
561,Kodi Higgins,40403791-9,30,mujer,4
562,Grover Vaughn,79480331-5,36,mujer,81
563,Elsie-May Chadwick,86646016-7,42,hombre,205
564,Eren Sargent,21666289-k,35,hombre,123
565,Kareena Salter,52703981-9,46,hombre,2
566,Giacomo Parsons,83603309-4,34,hombre,30
567,Maci Barrett,47326835-3,22,mujer,153
568,Eryk Greene,49337371-4,39,mujer,158
569,Tess Marshall,87442136-7,41,mujer,165
570,Emeli Handley,48679409-7,56,mujer,41
571,Dora Noble,36259502-9,48,mujer,214
572,Tyla Mcneil,29646441-4,50,mujer,171
573,Usman Lara,33402225-0,18,mujer,121
574,Nadir Redman,95855049-9,57,mujer,178
575,Isaak Esparza,51755919-9,41,mujer,163
576,Harriett Ayers,49993665-6,27,hombre,29
577,Isabel Vance,69141385-3,49,hombre,24
578,Joseph Broughton,33481996-5,21,hombre,46
579,Antoinette Schmidt,68505645-3,32,mujer,45
580,Kacper Glenn,47067447-4,42,mujer,120
581,Keenan Ryan,58557550-k,31,mujer,11
582,Iqra Thorne,27650119-4,51,mujer,56
583,Elina Lake,18812547-6,56,mujer,183
584,Balraj Davidson,66625711-1,26,hombre,166
585,Xavier Stuart,52189199-8,42,hombre,144
586,Eleanor Acevedo,28012525-3,30,mujer,176
587,Zainab James,48795285-0,30,hombre,44
588,Corrie Hinton,89321752-5,51,hombre,112
589,Diya Hansen,35066595-1,51,hombre,157
590,River Branch,42621036-3,40,mujer,69
591,Poppy Hartman,66954467-7,50,hombre,94
592,Nimrah Skinner,18446690-2,30,hombre,145
593,Jordan-Lee Norman,65227086-7,50,mujer,38
594,Amiya Craft,35661237-k,36,mujer,98
595,Jacob Gilmore,67913619-4,39,hombre,162
596,Arnav Franklin,83290634-4,30,hombre,82
597,Brayden Grey,62014673-0,52,hombre,61
598,Ophelia O'Doherty,92311983-3,21,hombre,107
599,Romana Woodley,59517619-0,26,hombre,176
600,Eoin Sutherland,42655208-6,35,hombre,180
601,Angharad Hatfield,65573855-k,55,mujer,197
602,Momina Read,62420431-k,37,hombre,14
603,Dean Schneider,56064569-4,45,hombre,163
604,Shivani Long,94422835-7,33,hombre,127
605,Elowen Gillespie,35668656-k,28,hombre,118
606,Ivo Patton,95437335-5,24,hombre,40
607,Beulah Rodriguez,63532763-4,41,mujer,159
608,Ruby-May Bowden,46680387-1,39,mujer,42
609,Kimberley Frost,85297873-2,55,hombre,14
610,Leonie Schofield,88132030-4,42,mujer,103
611,Josh Pittman,39473167-6,25,hombre,107
612,Desiree Webber,58154631-9,33,hombre,47
613,Tyriq Whitmore,38830395-6,58,hombre,200
614,Ashlee Alston,36030482-5,25,mujer,157
615,Ottilie Vega,95667888-9,21,hombre,103
616,Tanisha Weston,97996738-1,32,hombre,11
617,Sohail Huerta,96007294-4,23,mujer,84
618,Kasim Curry,52176953-k,35,hombre,13
619,Elaina Dillon,59332921-6,56,hombre,5
620,Dotty Lees,23298314-0,35,hombre,160
621,Amar Gough,31113786-7,32,mujer,133
622,Garrett Owen,87991170-2,50,mujer,95
623,Clement Johns,87631642-0,42,mujer,8
624,Mehdi Whitaker,17509928-k,33,mujer,108
625,Moesha Mclean,53089483-5,42,hombre,16
626,Miranda Crouch,75523496-6,50,mujer,142
627,Malcolm Mair,87734759-1,47,hombre,53
628,Dominika Mack,34424260-7,21,hombre,57
629,Phebe Paterson,66920820-0,45,hombre,199
630,Issac York,93057304-3,48,mujer,164
631,Akeel Peacock,82673938-k,55,mujer,204
632,Ceara Santana,14920531-4,57,hombre,70
633,Mateusz Sharma,96260856-6,43,hombre,86
634,Violet Mccray,86103635-9,34,hombre,203
635,Archie Rutledge,94384917-k,52,mujer,9
636,Nabeel Barry,47329036-7,29,hombre,198
637,Elliot English,44867899-7,50,mujer,173
638,Awais Vasquez,32690774-k,18,hombre,142
639,Aman Nixon,10544563-6,48,mujer,14
640,Faraz Chapman,28485302-4,60,mujer,163
641,Paulina Milner,63214394-k,55,hombre,79
642,Miyah Trevino,36044904-1,26,hombre,184
643,Amari Field,10206801-7,42,mujer,77
644,Una Kramer,34566442-4,57,hombre,98
645,Willie Dotson,65238271-1,57,hombre,96
646,Lexi-Mai Haigh,54230570-3,44,mujer,176
647,Abigail Coulson,76871405-3,34,hombre,38
648,Digby Glover,38204359-6,52,mujer,119
649,Don Sadler,33456182-8,42,mujer,168
650,Sue Iles,75806614-2,28,mujer,7
651,Keegan Stevens,19844189-9,53,mujer,37
652,Mariyah Spooner,70735043-1,41,hombre,128
653,Brianna Leigh,64221026-2,44,mujer,197
654,Mysha Storey,50453382-4,48,mujer,193
655,Cole Nairn,87649058-7,60,hombre,41
656,Malaikah Burn,75153238-5,29,mujer,73
657,Theresa Robson,12348490-8,21,mujer,172
658,Anastazja Mcdaniel,92445451-2,20,mujer,154
659,Traci Brookes,49604231-k,35,mujer,28
660,Ashlea Alexander,35288330-1,20,mujer,193
661,Dorothy Barclay,90870389-8,39,mujer,58
662,Yuvraj Doyle,52157315-5,21,mujer,53
663,Margot Blevins,35820841-k,28,mujer,158
664,Samuel Wilkerson,66361406-1,54,hombre,189
665,Libbie Jimenez,20843742-9,24,hombre,32
666,Tonya Charles,78059417-9,39,hombre,159
667,Lucy Sutherland,98417733-k,25,mujer,100
668,Sylvia Melendez,59170372-2,47,hombre,209
669,Ariya Mora,25070905-6,18,hombre,25
670,Martha Hulme,60370162-3,27,mujer,162
671,Kylo Hume,54982068-9,29,hombre,136
672,Huw Atherton,66336340-9,46,hombre,123
673,Shawn Brock,35685353-9,41,mujer,12
674,Martyn Parra,97102977-3,38,mujer,103
675,Franco Johnston,58155861-9,18,mujer,106
676,Pharrell Franklin,42168093-0,55,mujer,187
677,Adrianna Khan,59885368-1,37,mujer,98
678,Celia Durham,61554580-5,55,mujer,2
679,Ilyas Randall,66646618-7,43,mujer,178
680,Reagan Schofield,15298663-7,33,mujer,152
681,Tanvir Cortes,62778278-0,20,mujer,182
682,Bayley Melia,38287473-0,34,hombre,195
683,Coen Pena,11644968-4,25,hombre,158
684,Hilary Mair,97781705-6,28,mujer,136
685,Jaeden Bravo,80611905-9,42,hombre,106
686,Philip Turnbull,97343582-5,30,hombre,80
687,Aditya Vance,79693636-3,33,mujer,151
688,Cosmo Bush,69140468-4,56,hombre,53
689,Mysha Weston,48925896-k,53,mujer,54
690,Nicolas Zuniga,20640357-8,50,mujer,15
691,Ibraheem Gamble,33016426-3,45,mujer,30
692,Meerab Short,56790702-3,50,mujer,169
693,Haydn Dillard,45276568-3,52,hombre,138
694,Caprice Mejia,20335324-3,54,hombre,150
695,Gilbert Vang,42226798-0,57,mujer,25
696,Zidan Mcguire,43129309-9,19,hombre,178
697,Finnian Larson,26905798-k,43,mujer,10
698,Tamara Flynn,91119340-k,35,mujer,139
699,Shana Feeney,77625718-4,40,mujer,82
700,Dalton Colon,81698647-8,38,mujer,71
701,Thierry Shaw,15333675-k,21,mujer,26
702,Bronwyn Orozco,61993529-2,43,mujer,52
703,Nikki Pearson,22060310-5,27,hombre,196
704,Presley Dunkley,77520112-6,31,hombre,106
705,Persephone Manning,75346943-5,51,mujer,65
706,Sade Keller,62550748-0,60,hombre,50
707,Brenda Duncan,77814675-4,35,mujer,211
708,Lori Galvan,64370666-0,50,hombre,72
709,Davey Gunn,28752611-3,39,mujer,76
710,Rhyley Justice,74644456-7,34,mujer,189
711,Mohammad Frame,37500745-2,39,hombre,134
712,Nancy Blake,56119224-3,20,mujer,63
713,Danica Fletcher,59919311-1,59,hombre,167
714,Charlene Lambert,11087572-k,19,hombre,3
715,Taliyah Cope,12033288-0,43,hombre,92
716,Nasir Willis,49891081-5,53,mujer,96
717,Akeel Espinosa,55705480-4,32,hombre,130
718,Leoni Smyth,98642893-3,39,mujer,170
719,Emmanuella Prosser,49255740-4,45,hombre,38
720,Thiago Busby,63360085-6,33,hombre,9
721,Jadine Gould,26257768-6,26,mujer,209
722,Hiba Hough,17474518-8,33,hombre,69
723,Liam Ferreira,65884381-8,19,mujer,135
724,Laurie Kelley,47287276-1,48,mujer,206
725,Neil Miller,33078552-7,19,mujer,3
726,Dante Buckner,48776848-0,52,mujer,165
727,Kade Garrett,16222268-6,41,mujer,110
728,Cataleya Beard,95226644-6,22,hombre,133
729,Ivie Stark,17723136-3,30,mujer,114
730,Derry Garcia,83584289-4,55,mujer,188
731,Luciano Sheldon,92554015-3,55,mujer,163
732,Walter Dickinson,48345899-1,18,mujer,63
733,Danyl Henry,49036882-5,42,hombre,95
734,Elliott Robbins,96964691-9,41,mujer,208
735,Saima Ferry,16775393-0,56,mujer,210
736,Nicolle Marshall,51242629-8,35,hombre,208
737,Kiri Fitzpatrick,88806288-2,54,mujer,90
738,Terence Goff,57289805-9,47,mujer,58
739,Sahil Davison,49860637-7,44,hombre,151
740,Loretta Mcconnell,27844046-k,18,hombre,50
741,Jules Wainwright,45504619-k,40,hombre,70
742,Jad Woodcock,73453102-2,44,mujer,198
743,Tyreece Carter,84569598-9,40,hombre,186
744,Aydin Berger,94688326-3,56,hombre,96
745,Elisha Mitchell,84078768-0,39,mujer,166
746,Manraj Pope,91223172-0,56,mujer,19
747,Otto Guest,51317447-0,55,hombre,160
748,Rafi Joyce,78463527-9,35,hombre,166
749,Eren Eastwood,46025545-7,28,mujer,3
750,Trent Delacruz,40424433-7,34,mujer,126
751,Princess Sharp,68428477-0,35,hombre,215
752,Leja Reeves,28630079-0,46,mujer,23
753,Santiago Robles,63824003-3,57,hombre,108
754,Shaunie Naylor,58307021-4,49,mujer,51
755,Isaac Halliday,77983700-9,26,hombre,126
756,Humaira Yoder,57189229-4,35,mujer,170
757,Shivam Frey,41581842-4,56,mujer,202
758,Courtnie Duffy,55106753-k,35,mujer,154
759,Sneha Joseph,19735595-6,58,hombre,210
760,Ella-Louise Tillman,45024924-6,53,hombre,3
761,Antonio Chan,63884576-8,39,mujer,189
762,Aariz Berry,61262323-6,48,hombre,160
763,Spike Kim,24129722-5,40,hombre,177
764,Aizah Castro,39567466-8,44,hombre,99
765,Dolcie Handley,94888169-1,46,hombre,113
766,Gracie-Mae Gilbert,31642814-2,43,mujer,34
767,Elysia Huerta,79195789-3,28,mujer,134
768,Akash Riley,56292778-6,36,hombre,33
769,Jem Bailey,33670116-3,47,mujer,197
770,Jane Fernandez,48040287-1,28,hombre,10
771,Georgina Sargent,14761964-2,46,mujer,143
772,Willie Greig,27712443-2,23,hombre,136
773,Alina Payne,51853396-7,41,mujer,108
774,Tatiana Williams,23711490-6,49,mujer,71
775,Tevin Rosas,53523140-0,39,mujer,113
776,Naseem Schmitt,49974632-6,40,mujer,152
777,Ed Sierra,95598580-k,33,mujer,176
778,Kabir Melendez,49798131-k,34,hombre,74
779,Jakub Huang,71591727-0,50,mujer,193
780,Nelly Butler,30760014-5,26,hombre,106
781,Hope Serrano,33904341-8,26,mujer,165
782,Carson Edmonds,78331019-8,52,hombre,41
783,Jimmy Pratt,64903395-1,43,hombre,86
784,Zayan Solomon,45125749-8,41,mujer,138
785,Fredrick Esparza,81498697-7,51,hombre,158
786,Dominik Butt,78599189-3,53,mujer,49
787,Usman Church,85682952-9,59,hombre,107
788,Zach Hinton,47738259-2,59,mujer,173
789,Lea Atkins,48425773-6,51,mujer,183
790,Amos Santiago,82645956-5,60,hombre,18
791,Rickie Maguire,55956975-5,50,mujer,187
792,Liliana Leal,99875339-2,18,mujer,108
793,Nicole Holland,29858450-6,32,mujer,106
794,Skyla Dorsey,74759859-2,42,hombre,21
795,Huma Phelps,46012714-9,55,mujer,72
796,Richie Petty,43630930-9,28,hombre,80
797,Rabia Pugh,56425505-k,57,hombre,139
798,Owen Drummond,16239796-6,56,mujer,102
799,Keane Hoover,10165029-4,54,hombre,36
800,Jordon Hester,82809947-7,44,hombre,193
801,Samera Macleod,37492390-0,44,hombre,168
802,Margaux Battle,87544765-3,46,mujer,97
803,Huey Leonard,97901764-2,32,mujer,6
804,Nabil Ruiz,99294258-4,50,hombre,68
805,Imani Decker,48060937-9,35,hombre,130
806,Waqas Buchanan,85411178-7,29,mujer,196
807,Zayaan Morrison,10959343-5,22,hombre,141
808,Kianna Flowers,74630833-7,52,mujer,195
809,Milosz Wicks,20909860-1,44,hombre,215
810,Harri Burrows,23748548-3,24,hombre,35
811,David Hubbard,25572424-k,30,mujer,164
812,Saanvi Bernard,75653640-0,38,mujer,115
813,Anabel Montgomery,49359132-0,23,mujer,157
814,Janet Delarosa,50270274-2,60,hombre,139
815,Jerry Delaney,46080300-4,28,hombre,168
816,Fenella Galvan,99265623-9,25,mujer,132
817,Taine Calvert,75039658-5,60,hombre,206
818,Thea Whiteley,79735673-5,49,hombre,37
819,Vikki Bradshaw,34864642-7,47,mujer,24
820,Cruz Winter,38563658-k,40,mujer,143
821,Mollie Fraser,13463271-2,35,hombre,124
822,Saif Bostock,50109588-5,39,mujer,203
823,Maciej Romero,44126502-6,25,mujer,198
824,Hilda Brett,73352137-6,48,hombre,91
825,Hussein Hobbs,70156418-9,27,hombre,75
826,Michele Corbett,96557795-5,23,hombre,5
827,Grady Esquivel,76413818-k,50,mujer,205
828,Ariella Werner,66119831-1,28,hombre,208
829,Vinny Vazquez,81600879-4,21,hombre,77
830,Eamon Conway,69698793-9,53,hombre,146
831,Emme Marriott,91888069-0,58,hombre,33
832,Jae Ali,73075290-3,23,mujer,182
833,Sade Slater,95932617-7,48,mujer,66
834,Kerys Joseph,69402733-4,20,hombre,27
835,Gia Elliott,67391164-1,46,hombre,179
836,Kenny Gaines,81492646-k,23,hombre,76
837,Corban Stacey,15286948-7,53,hombre,131
838,Summer Clements,13993032-0,30,hombre,211
839,Sia Begum,10348170-8,46,mujer,167
840,Rochelle Cain,46088353-9,41,hombre,129
841,Ollie Morrow,20180335-7,42,hombre,129
842,Frederic Brooks,37630974-6,44,mujer,143
843,Aadam Dunlop,66540267-3,55,hombre,146
844,Jareth Castillo,45631604-2,52,mujer,4
845,Alesha Roth,80885102-4,23,hombre,101
846,Khia Kline,22587614-2,33,mujer,32
847,Clayton Golden,29728267-0,27,mujer,115
848,Toni Morris,79029236-7,58,hombre,152
849,Rahul Horne,95435510-1,23,mujer,5
850,Wyatt Stephens,61662429-6,33,mujer,35
851,Dulcie Kearns,92931585-5,52,hombre,214
852,Imogen Wills,55994808-k,22,hombre,34
853,Marianne Mays,63688364-6,47,mujer,203
854,Florrie Pacheco,95185947-8,29,hombre,159
855,Jaidon Gay,84964932-9,52,mujer,140
856,Clay Huynh,54106148-7,18,mujer,152
857,Alisa Carpenter,56781936-1,31,hombre,15
858,Darcie-Mae Hutton,99116865-6,22,hombre,84
859,Tyrese Bishop,54178021-1,29,mujer,129
860,Nyah Croft,68035652-1,52,mujer,188
861,Evie-Grace Hayden,83131309-9,49,hombre,195
862,Katie Yoder,57078757-8,49,hombre,114
863,Ottilie Campos,78166652-1,49,mujer,33
864,Jasper Harvey,32359787-1,54,mujer,191
865,Gabija Norton,12460058-8,32,hombre,85
866,Alexandra Naylor,85594953-9,49,mujer,139
867,Francis Luna,35776394-0,46,mujer,180
868,Mahi Vargas,44171043-7,28,hombre,168
869,Jonny Cortes,24945173-8,43,mujer,28
870,Ari Tomlinson,14377401-5,51,hombre,48
871,Cem Buckley,54801563-4,55,hombre,1
872,Roisin Contreras,61514910-1,22,mujer,180
873,Uma Morales,77020926-9,45,mujer,97
874,Shamima Wormald,21924647-1,44,mujer,135
875,Eleasha Craig,58000701-5,31,hombre,72
876,Caitlyn Mckenzie,76160177-6,37,mujer,156
877,Romilly Heath,38317707-3,24,hombre,107
878,Jordi Thorne,59089616-0,57,mujer,137
879,Malaki Wiggins,94123958-7,37,hombre,162
880,Adela Cordova,85394005-4,37,hombre,149
881,Alys Schwartz,33298524-8,30,mujer,183
882,Jill Baker,40588157-8,57,hombre,110
883,Jad Mercer,62820832-8,20,mujer,111
884,Darla Childs,61995722-9,21,hombre,164
885,Manav Hampton,60211995-5,34,hombre,186
886,Vijay Palacios,51667797-k,52,mujer,145
887,Laith Paul,74357811-2,49,mujer,87
888,Samirah O'Brien,76356563-7,25,mujer,173
889,Charlie Rahman,99837067-1,53,mujer,98
890,Eoin Sosa,28060713-4,54,hombre,10
891,Teddie Leal,15614052-k,34,mujer,6
892,Dillon Reeves,83917354-7,49,mujer,124
893,Alasdair Lucas,27852199-0,56,hombre,94
894,Sabah Skinner,74895468-6,46,hombre,176
895,Harriett Castillo,81559564-5,23,mujer,152
896,Macauley Davison,63459997-5,39,mujer,214
897,Reginald Tanner,45717384-9,36,mujer,184
898,Kacy Stubbs,55012555-2,60,hombre,187
899,Timothy Senior,22274441-5,29,mujer,45
900,Annabelle Stephens,33090056-3,37,hombre,73
901,Codie Sampson,25342278-5,24,mujer,135
902,Quinn Munro,60574488-5,25,mujer,169
903,Ethel Colon,65855526-k,50,hombre,142
904,Haley Bonilla,55326528-2,58,hombre,211
905,Afsana Roth,31690607-9,21,hombre,168
906,Loki Snyder,13938471-7,45,mujer,34
907,Milena Bright,12957899-8,37,hombre,107
908,Oliwia Livingston,33572631-6,29,mujer,192
909,Anne Bray,34966889-0,28,mujer,200
910,Alexandria Garrison,47377094-6,53,hombre,6
911,Awais Berger,46187096-1,39,mujer,115
912,Braiden Hoover,26635765-6,42,hombre,123
913,Charlene Chester,79446327-1,38,hombre,22
914,Simone Akhtar,18969557-8,53,hombre,160
915,Andrea Chen,21840388-3,51,hombre,150
916,Yisroel O'Neill,69265725-k,21,mujer,12
917,Arwen Flores,47673879-2,34,hombre,198
918,Kimora Ridley,33461543-k,28,mujer,2
919,Jayden-James Mckay,38717290-4,49,mujer,117
920,Jeff Lane,69705129-5,21,hombre,189
921,Mary Manning,53234460-3,57,mujer,186
922,Hermione Ventura,58593290-6,58,hombre,194
923,Nataniel Miller,44100123-1,38,mujer,24
924,Agnes Singleton,43776217-1,34,mujer,129
925,Florrie Drew,59445067-1,55,hombre,41
926,Grace O'Moore,70851011-4,31,mujer,47
927,Julia Moses,77941465-5,39,hombre,56
928,Keith Mccall,53511335-1,60,mujer,49
929,Caprice Davies,60517573-2,22,hombre,56
930,Tiffany May,53747213-8,51,mujer,53
931,Herbert Hawes,46491043-3,19,mujer,209
932,Kelise Fraser,73543707-0,45,mujer,187
933,Lacy Simon,79861684-6,41,hombre,4
934,Marianna Barry,61786224-7,20,hombre,194
935,Shay Glass,38405094-8,45,mujer,202
936,Nathanael Carlson,70733075-9,22,hombre,88
937,Campbell Vazquez,89200986-4,31,hombre,2
938,Fariha Barnard,71962392-1,20,hombre,181
939,Subhan Pearce,53329659-9,59,hombre,200
940,Petra Sharp,78156640-3,48,hombre,87
941,Olivia-Mae Carey,69760987-3,47,mujer,17
942,Noah Avalos,79625227-8,31,mujer,0
943,Ira Houston,95777850-k,53,mujer,148
944,Mcauley Robles,34352032-8,48,mujer,8
945,Stanley Soto,58748811-6,26,mujer,106
946,Geoffrey Ellis,96213302-9,26,hombre,124
947,Aviana Nairn,78918085-7,48,hombre,20
948,Anaya Rice,62832139-6,52,hombre,163
949,Teddy Henderson,11091024-k,51,hombre,171
950,Naya Melia,29676675-5,59,mujer,182
951,Lorraine Maxwell,89793517-1,21,hombre,114
952,Ivie Perez,25198755-6,41,hombre,112
953,Riccardo Hamilton,80588097-k,40,mujer,128
954,Tyrique Healy,29989393-6,22,mujer,32
955,Jonathan Turner,30224213-5,33,mujer,92
956,Tierney Mackay,79344858-9,55,hombre,141
957,Corrie Kirkpatrick,84729190-7,57,hombre,137
958,Kimberly Mason,97632703-9,20,hombre,102
959,Darragh Foreman,44770429-3,58,mujer,96
960,Nel Carson,63421928-5,19,hombre,58
961,Zayne Crane,31459690-0,40,hombre,167
962,Lilli Leech,13904984-5,37,mujer,11
963,Adnaan Rowley,34183638-7,34,hombre,184
964,Sian Montgomery,51827744-8,22,mujer,214
965,Arham Johnson,58496906-7,41,hombre,51
966,Josh Fry,93066103-1,34,mujer,130
967,Marwah Wiggins,82833215-5,51,hombre,93
968,John-James Burton,60747994-1,46,hombre,188
969,Kohen Tait,87772349-6,47,hombre,5
970,Adrian Fitzgerald,59444986-k,51,hombre,77
971,Tevin Walter,34882918-1,46,mujer,135
972,Mila Rhodes,49166815-6,58,hombre,68
973,Alix Thatcher,90594532-7,24,mujer,47
974,Judith Stott,89025372-5,38,mujer,155
975,Nabila Byers,30854312-9,25,mujer,180
976,Verity Murray,60987426-0,47,hombre,128
977,Talia Ellwood,41704207-5,26,mujer,1
978,Nicky O'Brien,15460166-k,36,mujer,136
979,Jamie-Lee Cook,96863860-2,40,hombre,151
980,Casper Pruitt,11554909-k,47,mujer,48
981,Millie-Rose Frost,83118985-1,39,hombre,28
982,Ignacy Leblanc,46962859-0,29,hombre,124
983,Marcelina Lowery,71075215-k,33,hombre,213
984,Nyla Paul,91059844-9,42,mujer,105
985,Rhianna Gilliam,93207016-2,47,hombre,165
986,Courtney O'Sullivan,53171533-0,40,mujer,93
987,Rebeca Park,32628385-1,41,hombre,90
988,Lola-Mae Kay,93840785-1,34,hombre,2
989,Makayla Crowther,25368817-3,20,mujer,154
990,Faiz Edmonds,25750021-7,43,hombre,32
991,Cadi Stokes,79758989-6,35,hombre,207
992,Jibril Davie,99748016-3,32,hombre,82
993,Jasper Hicks,53038300-8,41,mujer,193
994,Kara Rivas,87634133-6,49,hombre,81
995,Amanpreet Mata,81955785-3,58,hombre,168
996,Patryk Vang,18076157-8,45,hombre,197
997,Siyana Krueger,14811794-2,38,hombre,179
998,Hailie Kirkpatrick,45589350-k,58,mujer,149
999,Amelia-Rose Nguyen,22479749-4,45,hombre,37
1000,Callie Collier,80843691-4,29,hombre,29
1001,Owain Rollins,28738037-2,46,hombre,59
1002,Abubakar Bowler,90471139-k,25,mujer,31
1003,Jean Cullen,20032612-1,54,hombre,77
1004,Edward Truong,44060880-9,34,mujer,117
1005,Christie Zavala,44604413-3,55,mujer,138
1006,Annaliese Rosa,48161908-4,47,hombre,99
1007,Bridget Mckee,10669832-5,56,hombre,16
1008,Kofi Mcdermott,22532060-8,37,hombre,150
1009,Arla Hinton,10619372-k,22,mujer,139
1010,Sophia Ryan,34846808-1,35,hombre,21
1011,Subhaan Corbett,93009498-6,29,hombre,15
1012,Mared Pineda,17459269-1,60,hombre,166
1013,Danica Hutchings,48433213-4,23,mujer,147
1014,Abbas Gonzales,85884715-k,38,hombre,127
1015,Scarlet Banks,83386046-1,25,mujer,210
1016,Suhayb Frame,41740767-7,29,mujer,147
1017,Imaad Knox,35785969-7,49,mujer,207
1018,Carys Conrad,78479752-k,19,hombre,142
1019,Heena Valenzuela,60854678-2,55,mujer,120
1020,Reyansh Mccormick,86367440-9,29,mujer,116
1021,Shahzaib Bellamy,44749202-4,22,mujer,173
1022,Ihsan Kelley,51093069-k,42,hombre,55
1023,Tyrell Clay,23970806-4,47,hombre,118
1024,Kathryn Whiteley,15373219-1,48,mujer,61
1025,Chase Horner,30680313-1,27,hombre,112
1026,Oliver Fitzpatrick,80282829-2,40,hombre,74
1027,Angus Fleming,23648509-9,29,hombre,122
1028,Naeem Sharpe,72157153-k,38,hombre,63
1029,Javan Wiley,57728317-6,23,hombre,48
1030,Sienna Neale,58303600-8,22,hombre,39
1031,Korben Hurley,64651214-k,50,hombre,84
1032,Julie Hart,23819538-1,48,hombre,120
1033,Rafael Cisneros,41226633-1,60,hombre,115
1034,Adela Tillman,86164302-6,45,hombre,16
1035,Justine Black,32211035-9,23,mujer,178
1036,Adam Grant,52247620-k,39,mujer,209
1037,Alana Rahman,46787382-2,21,hombre,14
1038,Rehaan Dunlop,70116705-8,25,mujer,93
1039,Dane Sharma,30928102-0,42,mujer,65
1040,Nakita Meza,33466037-0,52,mujer,186
1041,Daria Ellison,63483183-5,49,hombre,47
1042,Ilyas Puckett,34012878-8,25,mujer,126
1043,Raees Livingston,62425949-1,21,mujer,75
1044,Kien Christensen,33199896-6,50,hombre,50
1045,Kiran Hanna,88697741-7,36,mujer,114
1046,Krista Head,67414624-8,33,mujer,173
1047,Cleo Aguilar,37220030-8,26,hombre,2
1048,Conrad Buchanan,85122660-5,36,mujer,94
1049,Arif Thorne,56485501-4,33,mujer,117
1050,Sonya Smart,31793868-3,60,mujer,174
1051,Milly Olson,48176712-1,21,mujer,64
1052,Adyan Wicks,77214559-4,52,hombre,182
1053,Danyl Boyer,62196038-5,47,mujer,120
1054,Steven Hills,20034783-8,53,mujer,147
1055,Fred Salter,92898031-6,31,mujer,161
1056,Taine Ireland,97675067-5,34,mujer,13
1057,Bella-Rose Cox,69251591-9,45,mujer,129
1058,Lillia Hartman,45385992-4,51,mujer,48
1059,Ellenor Lara,11544489-1,28,mujer,182
1060,Jorgie Power,58844715-4,23,mujer,76
1061,Donna Montes,75903526-7,44,mujer,161
1062,Mai Regan,80698616-k,35,hombre,134
1063,Abdur Heath,40127235-6,41,mujer,87
1064,Freya Gross,53609901-8,50,hombre,5
1065,Elspeth Rice,63974341-1,55,mujer,22
1066,Christopher Macleod,51433500-1,51,hombre,105
1067,Bernard Wells,12815044-7,56,hombre,78
1068,Myles Nash,58976828-0,52,hombre,96
1069,Alyce Kirkpatrick,42678415-7,22,mujer,176
1070,Brandi Conroy,63936216-7,33,mujer,212
1071,Lester Contreras,71162268-3,51,mujer,129
1072,Aria Massey,66478458-0,38,mujer,72
1073,Maxime Haigh,49718772-9,18,mujer,108
1074,Madeleine Henson,82319208-8,21,mujer,160
1075,Arslan Horton,13690129-k,40,hombre,149
1076,Jobe Hopper,69135613-2,48,hombre,214
1077,Caius Ball,57133149-7,37,mujer,67
1078,Naima Perez,89265324-0,40,hombre,2
1079,Sulaiman Martin,11077126-6,25,hombre,166
1080,Thalia Scott,21823347-3,56,mujer,44
1081,Natalya Morgan,37981852-8,34,hombre,126
1082,Andrew Santos,26100581-6,22,hombre,117
1083,Cora Becker,73557956-8,57,mujer,170
1084,Allana Jarvis,26617374-1,52,hombre,175
1085,Scarlett Cassidy,33911863-9,49,hombre,137
1086,Kyle Aguirre,53783913-9,30,hombre,18
1087,David Beach,43173481-8,18,mujer,176
1088,Mehak Dawson,80600254-2,55,mujer,49
1089,Finnian Waller,45751112-4,18,hombre,66
1090,Rupert Ahmed,22027409-8,28,hombre,211
1091,Kelly Keenan,56944351-2,34,hombre,157
1092,Gage Stafford,11798235-1,59,hombre,79
1093,Yahya York,41091494-8,21,hombre,174
1094,Tyreece Cohen,69777560-9,43,hombre,201
1095,Tanisha Allen,89861491-3,24,mujer,137
1096,Amie Fuller,10254486-2,22,mujer,60
1097,Anam Mcarthur,12166206-k,44,hombre,58
1098,Georga Duffy,11557739-5,47,mujer,75
1099,Dante Nava,88732812-9,44,mujer,140
1100,Santino Robson,54475883-7,23,mujer,50
1101,Roan Stubbs,42162871-8,31,mujer,163
1102,Albert Irvine,62036438-k,22,hombre,134
1103,Warwick Webber,86819507-k,37,mujer,59
1104,Uzma Burris,61774912-2,50,mujer,212
1105,Tyreke Gilmore,12412672-k,59,mujer,44
1106,Kaylan Huff,64063874-5,31,hombre,87
1107,Gene Melton,50511840-5,30,hombre,146
1108,Alistair Sanford,70012917-9,59,mujer,184
1109,Libbie Camacho,87859472-k,59,mujer,213
1110,Dania Love,16836029-0,36,hombre,147
1111,Abbi Millington,68903163-3,27,hombre,47
1112,Ritchie Rose,50022661-7,29,hombre,74
1113,Cooper Draper,24796080-5,21,hombre,50
1114,Avani Phan,51193594-6,55,mujer,170
1115,Alexis Kearney,30364676-0,22,hombre,148
1116,Arnav Shannon,82376572-k,54,hombre,21
1117,Evelina Dickerson,13068977-9,46,hombre,33
1118,Zayaan Paterson,12673702-5,44,mujer,57
1119,Alister Hills,45400053-6,41,hombre,62
1120,Kajal Short,40644356-6,27,hombre,145
1121,Trystan Wall,50321392-3,44,mujer,171
1122,Abubakr Benjamin,67609462-8,59,hombre,153
1123,Zackery Sheridan,83028620-9,54,mujer,149
1124,Izaan Byrd,89077953-0,22,mujer,162
1125,Billie Durham,93550420-1,37,hombre,160
1126,Lois Charlton,58366562-5,31,mujer,89
1127,Jade Thatcher,47981838-k,30,hombre,0
1128,Nafisa Foster,73178495-7,39,mujer,69
1129,Cleo Goodwin,29950437-9,49,hombre,41
1130,Austin Riddle,14240870-8,24,hombre,51
1131,Ines Fountain,59150917-9,34,hombre,167
1132,Keeva Allan,60158787-4,37,hombre,157
1133,Shelby Holder,33802463-0,54,mujer,210
1134,Lara Mcmahon,20672410-2,44,mujer,74
1135,Josie Ibarra,75295314-7,47,mujer,0
1136,Effie Washington,79687907-6,49,hombre,117
1137,Humairaa Knights,70368495-5,19,mujer,121
1138,Hina Oneal,42679613-9,18,hombre,198
1139,Rayan Mccray,34603233-2,60,hombre,130
1140,Kory Hays,17286061-3,29,mujer,88
1141,Kerri Herbert,11453035-2,56,mujer,211
1142,Ranveer Cope,58963604-k,23,mujer,36
1143,Trey Evans,82903113-2,39,hombre,150
1144,Aran Osborn,85778387-5,57,mujer,162
1145,Arfa Crouch,88104231-2,54,mujer,7
1146,Harriette Hubbard,44840159-6,28,mujer,182
1147,Annabelle Hester,33874298-3,41,mujer,85
1148,Jevan Martins,22937366-8,49,mujer,157
1149,Gregg Douglas,18902520-3,55,mujer,122
1150,Caspian Potts,22412109-1,43,hombre,69
1151,Bryony Henry,68155764-4,37,hombre,22
1152,Finnley Orr,22169359-0,23,hombre,165
1153,Cayson Branch,22913410-8,30,mujer,167
1154,Rhonda Reeve,97538963-4,20,hombre,33
1155,Martina Betts,41266992-4,48,mujer,187
1156,Kinga Redmond,78459862-4,22,hombre,176
1157,Henri Barrett,26113418-7,40,hombre,53
1158,Izabella Bate,63699218-6,32,mujer,158
1159,Elleanor Kane,86339917-3,23,mujer,88
1160,Heath Cruz,35480818-8,44,mujer,8
1161,Isabella-Rose Patrick,70841109-4,59,hombre,190
1162,Ava Gilbert,81203114-7,21,mujer,96
1163,Haris Humphreys,38072383-2,28,hombre,116
1164,Darsh Macias,36692442-6,51,mujer,104
1165,Alexandra Barrera,82429778-9,51,hombre,19
1166,Zubair Benjamin,19150492-5,54,mujer,120
1167,Gerrard Ho,22150901-3,47,mujer,104
1168,Cerys Clarkson,86083776-5,25,hombre,63
1169,Callan Lowe,56093204-9,44,mujer,21
1170,Maddox Moon,66169613-3,57,hombre,215
1171,Zaine Trujillo,20820475-0,23,hombre,163
1172,Jardel Keith,40597717-6,58,hombre,139
1173,Fred Sharples,54451953-0,34,mujer,215
1174,Catriona Cresswell,83640016-k,36,mujer,164
1175,Mysha Firth,77354291-0,22,hombre,87
1176,Thea Stephens,64043694-8,58,mujer,204
1177,Aleena Maguire,93433032-3,38,mujer,115
1178,Evie-Grace Middleton,36706688-1,47,mujer,70
1179,Adrienne Lamb,26475026-1,20,mujer,199
1180,Bridie Stanley,15369176-2,51,hombre,97
1181,Taybah Best,33006349-1,32,mujer,82
1182,Enid Flower,77785207-8,56,hombre,101
1183,Edmund Whelan,57792927-0,23,mujer,57
1184,Carrie-Ann Dickson,19142189-2,59,mujer,87
1185,Sara Horn,27143992-k,33,mujer,161
1186,Reiss Lutz,19410523-1,29,hombre,5
1187,Oran Valdez,21672114-4,40,hombre,35
1188,Summer-Louise Strong,99463426-7,31,hombre,131
1189,Rhydian Keeling,44372095-2,22,mujer,93
1190,Aisling Chaney,80228379-2,51,mujer,124
1191,Lulu Sexton,21330792-4,25,hombre,157
1192,Elliot Pacheco,37184049-4,30,mujer,168
1193,Cem Moss,13592940-9,20,mujer,142
1194,Zeshan Mcmillan,36205098-7,23,mujer,64
1195,Mahnoor Legge,96828461-4,24,hombre,20
1196,Nina Holding,17159919-9,36,mujer,142
1197,Hiba Clemons,44822766-9,43,hombre,95
1198,Kasim Brooks,61892040-2,59,mujer,114
1199,Nakita Kelly,60031280-4,36,mujer,190
1200,Hughie Storey,20600805-9,19,hombre,168
1201,Keanan Cordova,90739234-1,33,mujer,81
1202,Hailie Robertson,59137080-4,58,mujer,67
1203,Lily-Rose Wharton,43329730-k,49,mujer,39
1204,Presley Mcgowan,42354523-2,44,hombre,136
1205,Alister Hartman,91461351-5,58,mujer,131
1206,Iris Fowler,69167855-5,25,mujer,40
1207,Kailum Caldwell,81560843-7,52,mujer,196
1208,Mila-Rose Ramsey,72856019-3,24,mujer,152
1209,Julien Sloan,35656775-7,59,mujer,74
1210,Yisroel Wheatley,22566169-3,59,mujer,167
1211,Tyler-Jay Forster,76563311-7,35,mujer,151
1212,Justine Wood,22001298-0,59,mujer,40
1213,Rianne Coleman,87548946-1,26,mujer,7
1214,Demi-Leigh Byrd,22977216-3,39,hombre,141
1215,Eleanor Charlton,28353821-4,47,hombre,58
1216,Indigo Liu,54570173-1,42,mujer,150
1217,Gavin Jeffery,37742604-5,43,mujer,180
1218,Kiera Mccallum,71518049-9,46,hombre,160
1219,Nimrah Lowery,66398573-6,31,mujer,56
1220,Nichole Savage,16315937-6,28,hombre,16
1221,Ellie-Mai Hutton,14885951-5,22,mujer,76
1222,Arfa Boyer,30775222-0,39,mujer,153
1223,Jacques Carter,75910499-4,41,mujer,59
1224,Georga Salinas,85055980-5,51,mujer,68
1225,Sylvia Mcfarland,50536630-1,37,hombre,153
1226,Samad Neville,54122700-8,32,mujer,29
1227,Collette Munro,72429091-4,39,mujer,84
1228,Bryce Watt,75281837-1,58,mujer,125
1229,Theo Davenport,32750103-8,24,hombre,67
1230,Melisa Travis,56350683-0,31,mujer,198
1231,Dalia Jefferson,10619776-8,20,mujer,86
1232,Johnny Perry,64269343-3,57,mujer,179
1233,Gina Cortes,77366538-9,59,mujer,88
1234,Margo Stuart,21875469-4,19,mujer,177
1235,Gracie-May Patton,14002078-8,29,hombre,30
1236,Bree Cleveland,37608219-9,35,mujer,102
1237,Clarke Mcloughlin,83330704-5,28,hombre,22
1238,Sheila Gilmore,57931953-4,51,hombre,209
1239,Bea Mcnally,63382431-2,50,mujer,105
1240,Cyrus Fountain,98296705-8,47,mujer,85
1241,Lacey Thatcher,59495529-3,23,hombre,75
1242,Laith Zimmerman,38235761-2,22,mujer,95
1243,Teodor Lim,65731455-2,31,hombre,163
1244,Sherri Kearns,38470405-0,46,mujer,41
1245,Maiya Villa,20789297-1,48,mujer,4
1246,Mack Wallis,53456223-3,38,mujer,189
1247,Clodagh Greenaway,80508950-4,44,mujer,118
1248,Carter Richards,94864113-5,31,hombre,41
1249,Robyn Riddle,36432728-5,28,mujer,57
1250,Erika Greene,25497638-5,49,mujer,110
1251,Omari Fuller,48459253-5,53,hombre,108
1252,Lewis Mcleod,17070747-8,31,hombre,214
1253,Elliott Irwin,13890944-1,19,hombre,136
1254,Madeleine Stokes,82993651-8,32,mujer,172
1255,Vikki Partridge,44380500-1,19,mujer,15
1256,Arianna Vazquez,50319391-4,57,mujer,80
1257,Campbell Shepherd,81602032-8,51,hombre,147
1258,Carley Dixon,91888493-9,46,mujer,46
1259,Elizabeth Hopper,81234956-2,26,hombre,182
1260,Reya Bruce,53383454-k,52,mujer,128
1261,Karter Swan,48996426-0,43,hombre,133
1262,Hettie Sweeney,99937169-8,52,hombre,49
1263,Sienna Weaver,37839960-2,49,hombre,164
1264,Evelyn Duran,31845287-3,51,hombre,157
1265,Ava-Mai Spooner,15451762-6,40,mujer,85
1266,Amanah Mckay,93635199-9,46,hombre,15
1267,Alanis Clark,73833231-8,40,mujer,173
1268,Anish Coleman,46188032-0,23,hombre,91
1269,Elle Lindsay,97404549-4,37,hombre,208
1270,Brandon Rodrigues,46033111-0,55,mujer,198
1271,Allison Costa,83029887-8,38,mujer,161
1272,Anis Cohen,37376941-k,32,hombre,147
1273,Beauden Gilmour,18165501-1,34,hombre,38
1274,Jannat O'Moore,83635222-k,46,hombre,210
1275,Aanya Foster,95759065-9,31,hombre,212
1276,Mylah Long,25327705-k,50,mujer,180
1277,Kayden Delarosa,82693313-5,34,hombre,32
1278,Fahad Travers,56474633-9,33,hombre,100
1279,Samiya Hardin,84911278-3,57,mujer,125
1280,Jake Hatfield,64501886-9,19,hombre,155
1281,Joseff Peters,20467855-3,33,hombre,51
1282,Maisey Alexander,76396643-7,33,hombre,103
1283,Lucy Dunlap,41545483-k,22,hombre,57
1284,Nathaniel Mcgill,54593722-0,54,hombre,194
1285,Layton Sparks,74269105-5,24,mujer,35
1286,Jiya Irvine,16689945-1,20,hombre,193
1287,Dylan Nicholls,92951996-5,41,hombre,48
1288,Sameera Robson,71180222-3,30,hombre,57
1289,Kaeden Frazier,66185512-6,56,hombre,27
1290,Artur Stokes,54245196-3,30,mujer,168
1291,Patrik Dodson,52650167-5,45,mujer,23
1292,Marnie Macfarlane,31194216-6,27,mujer,55
1293,Daphne Mccallum,75981648-k,29,hombre,45
1294,Luther Simon,67314332-6,21,mujer,58
1295,Hasan Harrison,79308193-6,45,hombre,130
1296,Taiba Richmond,49628420-8,55,mujer,134
1297,Olivia-Mae Hicks,26135720-8,32,hombre,130
1298,Kurt Sutton,28370900-0,52,hombre,114
1299,Reanne Cooke,32219010-7,20,mujer,109
1300,Haleemah Baxter,14408869-7,23,mujer,49
1301,Codie Galloway,27183294-k,48,hombre,47
1302,Lance Weber,26249833-6,20,mujer,63
1303,Cai Mcneil,35115737-2,39,mujer,0
1304,Cally Hopper,38578737-5,34,mujer,23
1305,Sebastien Petersen,89213188-0,53,mujer,153
1306,Shane Kelly,34823992-9,43,mujer,75
1307,Guto Benitez,59890575-4,43,mujer,199
1308,Anees Morse,66284985-5,36,mujer,50
1309,Liyah Cooper,93176945-6,22,hombre,196
1310,Shahzaib Espinoza,34975310-3,50,mujer,66
1311,Suzanna Romero,80558312-6,49,hombre,209
1312,Matias Strickland,88408240-4,52,hombre,33
1313,Georgiana Yu,68225683-4,56,hombre,123
1314,Amritpal Whyte,29295221-k,32,mujer,50
1315,Lucien Watkins,22760013-6,54,mujer,166
1316,Carter Plummer,27003910-3,28,hombre,152
1317,Sabiha O'Quinn,93129167-k,60,mujer,208
1318,Tayyibah Mckinney,18067050-5,50,mujer,157
1319,Jibril Hall,89118524-3,28,mujer,19
1320,Ahsan Flynn,71389826-0,46,hombre,163
1321,Jesus Small,90007582-0,52,hombre,35
1322,Denise Daniel,53281073-6,40,mujer,6
1323,Isabell Hogan,96735305-1,26,hombre,160
1324,Ivan Allison,57829633-6,24,hombre,70
1325,Melissa Ashley,29803983-4,59,hombre,151
1326,Natalya Thorpe,22783728-4,26,hombre,102
1327,Anisha Brady,20694588-5,51,mujer,89
1328,Zakariyah Williamson,60038263-2,24,mujer,9
1329,Nayla Bates,72611524-9,55,mujer,169
1330,Aubree Marsden,71796805-0,59,mujer,167
1331,Pia Short,14309109-0,52,hombre,81
1332,Fatima Traynor,60139069-8,56,mujer,149
1333,Imran Senior,30991735-9,40,mujer,131
1334,Jose Farrell,80640357-1,39,hombre,87
1335,Montgomery Cornish,13370165-6,19,hombre,213
1336,Kingsley Goddard,73418283-4,19,mujer,76
1337,Chance Barlow,59060940-4,25,hombre,154
1338,Chelsy Whitley,67170407-k,27,mujer,3
1339,Alfie-James Moyer,74500563-2,55,hombre,115
1340,Izabelle Frey,34776869-3,50,mujer,183
1341,Bjorn Salazar,97754557-9,35,mujer,157
1342,Ruby-Leigh Stevenson,75328775-2,24,hombre,169
1343,Theia Parkes,74361473-9,50,mujer,27
1344,Kian Branch,43123228-6,37,hombre,142
1345,Isla-Mae Calhoun,99184175-k,28,mujer,192
1346,Rodney Woodcock,12205074-2,31,hombre,109
1347,Derrick Fritz,34996262-4,52,mujer,100
1348,Patience Waters,88283175-2,44,hombre,89
1349,Miruna Friedman,35773199-2,37,hombre,151
1350,Ralphy Phan,94362008-3,28,hombre,28
1351,Camron Chaney,70366259-5,50,hombre,11
1352,Iram Carroll,79922398-8,60,hombre,215
1353,Sallie Wolf,85831418-6,58,mujer,168
1354,Lilly-Grace Tucker,99223381-8,53,hombre,180
1355,Avneet Pennington,37925650-3,43,mujer,16
1356,Connor Weir,62422623-2,44,hombre,81
1357,Ainsley Read,67629255-1,25,mujer,46
1358,Jaheim William,37117213-0,19,hombre,176
1359,Suranne Byrd,36600416-5,46,hombre,62
1360,Millie Nava,96217495-7,33,hombre,106
1361,Tom Palacios,18454632-9,35,hombre,137
1362,Muneeb Huff,57041868-8,53,mujer,129
1363,Ziva Langley,75129314-3,47,hombre,203
1364,April Peters,81168161-k,50,hombre,3
1365,Akash Kendall,19533896-5,35,hombre,48
1366,Lily-Anne Barnes,25309713-2,54,hombre,69
1367,Ayaan Bass,59105378-7,45,hombre,119
1368,Carter Bradshaw,83123905-0,47,hombre,156
1369,Zachary Marks,64268937-1,19,mujer,82
1370,Ffion Allison,70202613-k,38,hombre,116
1371,Fynley Glenn,34048567-k,47,mujer,115
1372,Susie Crane,14197251-0,57,mujer,61
1373,Dionne Dowling,17167867-6,48,hombre,198
1374,Denzel Herrera,95514882-7,39,hombre,105
1375,Brandan Mcdougall,48630167-8,42,mujer,142
1376,Patryk Enriquez,54121962-5,46,hombre,60
1377,Massimo Needham,66199699-4,30,hombre,81
1378,Maleeha Rice,65809271-5,60,mujer,65
1379,Abdur-Rahman O'Reilly,49159506-k,19,mujer,18
1380,Joan Alvarado,21878618-9,49,hombre,211
1381,Asma Brook,35806868-5,32,mujer,186
1382,Danyl James,96332059-0,31,mujer,190
1383,Cecelia Bender,29877385-6,20,hombre,210
1384,Abdi Mccoy,97166191-7,24,hombre,201
1385,Rhonda Carney,81403585-9,40,mujer,17
1386,Willis Herbert,97985609-1,18,mujer,182
1387,Bella-Rose Rivers,47591540-2,56,mujer,165
1388,Junayd Andersen,67902197-4,43,hombre,165
1389,Genevieve Booth,85743167-7,53,mujer,184
1390,Bridie Currie,63214464-4,35,mujer,110
1391,Samuel Sheridan,82270937-0,20,hombre,210
1392,Deen Smyth,80438756-0,48,hombre,170
1393,Petra Rigby,73561428-2,21,hombre,169
1394,Kacie Stevens,89576450-7,39,hombre,57
1395,Shanaya Hewitt,45644100-9,50,mujer,111
1396,Kaiya Huerta,87371798-k,45,mujer,125
1397,Maiya Tierney,43654491-k,21,hombre,150
1398,Linzi Wong,14200344-9,46,mujer,34
1399,Amelia-Mae Malone,87094740-2,30,hombre,151
1400,Florence Lucero,66866166-1,40,hombre,175
1401,Sneha Hagan,90601826-8,56,mujer,164
1402,Trey Saunders,23494123-2,57,hombre,40
1403,Hester Jeffery,20026905-5,39,mujer,193
1404,Theodore Wilkes,11341475-8,38,hombre,86
1405,Manisha Mcloughlin,39006777-1,28,mujer,47
1406,Mason Ritter,65175008-3,24,hombre,126
1407,Roseanne Nguyen,45856781-6,50,mujer,30
1408,Jana Byrd,22825105-4,37,hombre,70
1409,Orlaith Jones,36918308-7,30,hombre,110
1410,Fahad Diaz,26849996-2,34,hombre,183
1411,Ivy-Rose Mcclure,41659296-9,54,mujer,126
1412,Ricardo Amin,43538788-8,35,mujer,85
1413,Alfie-Lee Pruitt,61127746-6,54,mujer,92
1414,Ariyah Mckeown,91995839-1,46,hombre,173
1415,Raife Cassidy,41234355-7,22,hombre,182
1416,Solomon Morton,31726652-9,55,hombre,89
1417,Amari Stubbs,88726486-4,24,hombre,204
1418,Louie Swan,95367461-0,18,hombre,69
1419,Freddie Byrne,20209505-4,39,mujer,167
1420,Margaux Cleveland,44973013-5,56,hombre,177
1421,Toby Petty,84593882-2,31,hombre,166
1422,Mariah Wyatt,58038177-4,27,hombre,67
1423,Kirstin Fry,21630671-6,18,mujer,82
1424,Toyah Wolfe,83605517-9,24,hombre,170
1425,Lily-Mae O'Quinn,68147125-1,58,hombre,208
1426,Arissa Webb,54363208-2,49,hombre,132
1427,Leanne Weeks,31359212-k,30,hombre,15
1428,Mayson Nicholson,26541300-5,60,hombre,212
1429,Latoya Powers,54252672-6,39,hombre,99
1430,Olivia-Rose Fuentes,22249624-1,48,hombre,210
1431,Saqib Mill,11784418-8,57,hombre,103
1432,Priya Oneil,96213582-k,39,mujer,158
1433,Kaiden Ewing,75357089-6,51,mujer,77
1434,Keaton Mccall,54480341-7,50,hombre,88
1435,Esme-Rose Wicks,41325900-2,29,hombre,111
1436,Kayleigh Finley,87244280-4,31,hombre,106
1437,Clayton Mckenna,75397524-1,37,mujer,164
1438,Aimie Sears,72018152-5,27,hombre,72
1439,Forrest Salt,98152080-7,33,mujer,32
1440,Claudia Avery,44626695-0,20,hombre,51
1441,Yousef Rutledge,74748755-3,34,mujer,135
1442,Alicja Magana,56744324-8,28,mujer,89
1443,Arthur Lara,58191750-3,43,mujer,204
1444,Adele Douglas,42814101-6,53,hombre,167
1445,Musab Valencia,80308047-k,40,hombre,21
1446,Thierry Hurley,82254885-7,41,mujer,12
1447,Lillie-Rose Stokes,29522091-0,57,mujer,170
1448,Marlene Hawes,41071374-8,23,hombre,201
1449,Diego Castillo,76081261-7,57,hombre,57
1450,Shelbie Moreno,12885071-6,46,hombre,101
1451,Deanne Villarreal,67753422-2,38,mujer,105
1452,Kajus Garrison,93285177-6,23,mujer,112
1453,Alaw Ferrell,38895795-6,57,hombre,9
1454,Minahil Kaye,59982206-2,59,hombre,57
1455,Quentin Jacobs,66658505-4,49,hombre,162
1456,Ruby-May Espinosa,44290962-8,56,hombre,94
1457,Tj Moran,88495383-9,59,mujer,150
1458,Karina Morgan,97632307-6,49,hombre,123
1459,Aryaan Fox,88151779-5,52,hombre,50
1460,Ashlyn Rossi,81783289-k,32,mujer,56
1461,Jasleen Parker,58332136-5,36,hombre,7
1462,Darryl Carlson,28673876-1,57,hombre,172
1463,Tye Corrigan,28273728-0,47,hombre,190
1464,Maksim Mcmahon,97355372-0,27,hombre,193
1465,Jaiden Sampson,89477804-0,18,mujer,115
1466,Janine Keller,45624249-9,38,hombre,14
1467,Emelia Roche,66295586-8,57,hombre,112
1468,Johanna Whelan,20996381-7,49,mujer,76
1469,Dominik Wynn,57639262-1,21,mujer,77
1470,Isobel Dudley,99108730-3,23,hombre,198
1471,Cora Camacho,70551235-3,38,mujer,162
1472,Shane Best,39043389-1,39,hombre,65
1473,Denis Mann,92946711-6,43,mujer,180
1474,Kristen Gallegos,52778909-5,59,hombre,156
1475,Roger Woodcock,27161682-1,38,mujer,78
1476,Caitlan Whitehouse,50728559-7,30,mujer,192
1477,Emillie Frye,98661210-6,34,hombre,106
1478,Roberta Rankin,22545748-4,33,mujer,53
1479,Louie Harwood,36750587-7,55,mujer,167
1480,Kaleem Hill,60727093-7,36,hombre,94
1481,Serenity Rossi,46930527-9,29,mujer,110
1482,Manisha Stephens,65485230-8,56,mujer,85
1483,Sylvia Faulkner,63953205-4,34,mujer,190
1484,Jadon Slater,99347364-2,20,hombre,116
1485,Maude Arnold,59129614-0,42,hombre,24
1486,Eleni Hansen,34349789-k,33,hombre,37
1487,Asher Valentine,20774234-1,25,mujer,117
1488,Tevin Wright,89671041-9,24,mujer,148
1489,Lori Forrest,69822376-6,30,hombre,173
1490,Geraint Shaw,59854747-5,19,mujer,38
1491,Zunairah Mcgee,53087333-1,45,mujer,150
1492,Xander Simmonds,91258242-6,23,hombre,53
1493,Calista Cummings,17341224-k,53,mujer,159
1494,Lilly-Grace Horn,42113348-4,20,mujer,86
1495,Hayden Turnbull,56930255-2,50,hombre,50
1496,Ella-May Hayes,48333719-1,21,mujer,19
1497,Ayomide Mosley,46531952-6,29,mujer,50
1498,Becky Strickland,49641463-2,29,hombre,154
1499,Leigha Chavez,58812264-6,36,hombre,182
1500,Ellise Bautista,66899113-0,41,hombre,193
1501,Milly Rudd,83469143-4,23,mujer,168
1502,Irfan Britton,52158784-9,25,hombre,184
1503,Fenella Schaefer,26240285-1,33,hombre,16
1504,Yasmin Barr,25609460-6,19,mujer,204
1505,Marlon Lott,29381516-k,39,hombre,171
1506,Dawson Rayner,73290473-5,58,mujer,215
1507,Tasmin Crossley,75020925-4,40,hombre,146
1508,Izaak Mathis,92386054-1,38,hombre,135
1509,Korban Robbins,38629675-8,60,mujer,8
1510,Homer Jacobson,37797879-k,42,mujer,38
1511,Freddy Simons,52698782-9,29,hombre,45
1512,Elissa Schmidt,60926655-4,53,mujer,97
1513,Rita Kouma,58378678-3,50,hombre,170
1514,Zack Sanderson,85516291-1,27,hombre,198
1515,Toby Day,69186141-4,19,mujer,148
1516,Amber-Rose Wardle,92244003-4,48,hombre,79
1517,Kwabena Stone,74415365-4,37,mujer,91
1518,Cheyanne Petersen,89751595-4,37,mujer,117
1519,Carolina Gomez,35414863-3,37,hombre,101
1520,Piotr Glenn,81881771-1,52,mujer,167
1521,Dulcie Shelton,88413708-k,43,hombre,32
1522,Akeem Hensley,84891139-9,33,mujer,17
1523,Huw Lewis,79348268-k,29,hombre,54
1524,Atticus Hussain,60020954-k,45,mujer,112
1525,Edna Harper,14156767-5,29,mujer,19
1526,Keagan Hope,91957637-5,26,hombre,136
1527,Tudor Proctor,76362168-5,58,mujer,151
1528,Winston Castro,10537138-1,55,mujer,76
1529,Pierce Mora,29557986-2,28,mujer,181
1530,Jonah Murphy,53331281-0,24,hombre,185
1531,Frances Hartman,94559048-3,56,mujer,171
1532,Reece Price,39038168-9,36,hombre,1
1533,Chandni Stanton,11904025-6,50,mujer,174
1534,Ferne Fritz,25002692-7,45,mujer,27
1535,Harlan Goodman,78413522-5,43,hombre,200
1536,Elle-May Iles,96251410-3,19,hombre,42
1537,Mohamed Mcclain,13863556-2,57,hombre,91
1538,Lennox Mcculloch,29637564-0,53,mujer,110
1539,Ajwa Daly,87624695-3,60,mujer,16
1540,Aleksander Patton,29009046-6,46,hombre,199
1541,Saffron Sawyer,88538509-5,52,hombre,185
1542,Brendon Denton,23625905-6,44,mujer,214
1543,Emile Lopez,70019535-k,39,hombre,212
1544,Lisa-Marie Grimes,19386119-9,40,hombre,42
1545,Macsen Major,62034785-k,35,hombre,65
1546,Ameera Edwards,64367868-3,35,mujer,9
1547,Vincenzo Preece,45026733-3,49,mujer,78
1548,Hudson Emerson,54746197-5,59,mujer,190
1549,Raheel Bonilla,25399600-5,52,mujer,70
1550,Che Partridge,16943787-4,39,mujer,69
1551,Miyah Rhodes,59537115-5,49,mujer,25
1552,Ramone Guzman,40236352-5,38,mujer,90
1553,Prisha Spencer,54726514-9,57,hombre,129
1554,Maisy Bright,77191435-7,48,hombre,46
1555,Kit Adams,70638696-3,27,mujer,18
1556,Vickie Clifford,10927357-0,19,mujer,204
1557,Ricardo Devine,66976509-6,43,mujer,120
1558,Payton Arroyo,63216586-2,24,hombre,142
1559,Hadley Acosta,32086803-3,45,mujer,189
1560,Belinda Chamberlain,76762441-7,37,hombre,57
1561,Jax Hester,54676049-9,24,hombre,149
1562,Glenn Curry,67216197-5,18,mujer,73
1563,Shahzaib Lester,84621982-k,34,mujer,95
1564,Tayyib Davila,47121914-2,47,mujer,74
1565,Karol Knights,23047484-2,36,mujer,153
1566,Layton Hodge,73026642-1,20,mujer,103
1567,Francis Kerr,34414978-k,40,hombre,86
1568,Nico Lim,87282538-k,38,hombre,7
1569,Akeem Odonnell,21016824-9,20,hombre,42
1570,Gino Alston,63196577-6,35,hombre,10
1571,Aalia Ball,59051717-8,21,mujer,27
1572,Danyal Steele,59749734-2,49,mujer,7
1573,Hettie Samuels,37204390-3,47,hombre,149
1574,Cari Welch,48592540-6,54,mujer,68
1575,Howard Boone,79543386-4,23,hombre,43
1576,Roosevelt Charlton,70433997-6,33,mujer,187
1577,Spencer Tran,48553208-0,24,mujer,118
1578,Pola Finney,10339840-1,25,mujer,13
1579,Annaliese Mckinney,69767927-8,30,hombre,81
1580,Princess Guest,73454838-3,56,mujer,17
1581,Sonnie Pugh,34039148-9,58,mujer,207
1582,Lola-Mae Whittaker,93591226-1,58,hombre,193
1583,Kirandeep Riggs,73842540-5,25,mujer,1
1584,Asmaa Allman,58648727-2,44,hombre,141
1585,Kenzo Beech,95656123-k,28,mujer,90
1586,Zac Mcgill,88107942-9,40,mujer,102
1587,Jorgie Rowland,81428035-7,44,mujer,82
1588,Harvie Bonilla,46805723-9,35,mujer,113
1589,Samir Daugherty,96371883-7,33,mujer,108
1590,Asha Guthrie,92390198-1,19,hombre,99
1591,Hamaad Barajas,17611254-9,50,hombre,195
1592,Mandeep Vazquez,56197957-k,20,hombre,201
1593,Harvey-Lee Burch,78301240-5,22,mujer,157
1594,Kamran Santos,90730270-9,20,hombre,47
1595,Junior Bryant,25919808-9,24,mujer,108
1596,Stefan Allen,92060023-9,57,mujer,1
1597,Haidar Moreno,91346186-k,30,hombre,202
1598,Shayaan Watkins,56405384-8,19,hombre,212
1599,Abid Cross,97596735-2,42,hombre,37
1600,Khadija Dalby,32153494-5,43,mujer,90
1601,Billie Kaur,54546935-9,38,mujer,118
1602,Mimi Harris,48269008-4,49,hombre,135
1603,Kierran Stanton,50942616-3,27,hombre,19
1604,Isabell Goodwin,84327091-3,40,hombre,27
1605,Tiffany Cantu,66714421-3,25,hombre,214
1606,Skye Gray,48007583-8,49,mujer,64
1607,Lemar Cullen,14585428-8,28,hombre,65
1608,Maariya Enriquez,25450277-4,30,hombre,32
1609,Ayana Portillo,60456055-1,23,mujer,215
1610,Humayra Palacios,90494178-6,32,hombre,199
1611,Mea Dorsey,95199785-4,37,hombre,116
1612,Ammaar Carty,13947632-8,48,hombre,197
1613,Dainton Pratt,29004298-4,24,mujer,149
1614,Waleed Aguirre,63968995-6,53,hombre,56
1615,Dev Adamson,75269880-5,60,mujer,205
1616,Karis Downes,42494071-2,58,mujer,156
1617,Annabelle Mullins,11123767-0,35,hombre,181
1618,Faheem Bains,16697747-9,42,hombre,44
1619,Kaeden Knapp,37285914-8,53,mujer,48
1620,Jobe Reyes,79725852-0,26,hombre,185
1621,Ilayda Whitehouse,11118739-8,29,mujer,10
1622,Nasir Jenkins,45273848-1,19,hombre,206
1623,Jonny Newton,33461512-k,50,mujer,95
1624,Sabrina Gillespie,27626683-7,47,hombre,3
1625,Frances Corrigan,12920124-k,25,mujer,18
1626,Yunus Galloway,15955355-8,20,mujer,127
1627,Robyn Hyde,14495790-3,55,hombre,169
1628,Rebecca Sheehan,49552236-9,56,hombre,92
1629,Sakina Stewart,40161573-3,49,hombre,129
1630,India Camacho,12969098-4,22,mujer,70
1631,Ella-Mai Butt,41775238-2,55,mujer,35
1632,Maia Glover,52792841-9,22,mujer,211
1633,Aryan Hastings,82533150-6,25,hombre,114
1634,Hashir Hendricks,38100857-6,49,mujer,112
1635,Yash Wallace,69691126-6,19,mujer,152
1636,Harlow Woods,99302343-4,19,hombre,43
1637,Ariadne Hibbert,35155157-7,40,mujer,84
1638,Miller Fletcher,35340502-0,57,hombre,21
1639,Kymani Rahman,95711978-6,49,hombre,190
1640,Gaia Pearson,23686910-5,31,mujer,41
1641,Ruth Steadman,93129166-1,34,mujer,198
1642,Asiya Short,98357275-8,49,hombre,82
1643,Amba Crane,77484278-0,36,mujer,176
1644,Isaac Fleming,52258791-5,20,mujer,201
1645,Haider Hines,24927693-6,19,hombre,175
1646,Luca Foley,71316667-7,37,mujer,198
1647,Ariyan Patel,37780063-k,32,hombre,137
1648,Luqman Marks,15795964-6,21,mujer,179
1649,Evan Haas,24655915-5,24,hombre,178
1650,Aiden Arnold,36304600-2,36,hombre,37
1651,Billy-Joe Ward,12177977-3,22,hombre,142
1652,Nathaniel Rivas,79974368-k,37,mujer,77
1653,Harry Hood,42868972-0,50,mujer,205
1654,Brandy Ponce,25696685-9,41,mujer,37
1655,Siyana Ballard,95423202-6,23,hombre,86
1656,Musa Myers,18984900-1,27,hombre,44
1657,Ace Stephenson,57181678-4,57,mujer,168
1658,Ashlyn Finch,97163657-2,31,mujer,148
1659,Mikayla Hume,42714709-6,30,mujer,61
1660,Nevaeh Gill,88667817-7,46,mujer,73
1661,Rahul Finley,50814284-6,36,hombre,25
